email,name,phone
guest1@example.com,Guest Number 1,0900000001
guest2@example.com,Guest Number 2,0900000002
guest3@example.com,Guest Number 3,0900000003
guest4@example.com,Guest Number 4,0900000004
guest5@example.com,Guest Number 5,0900000005
guest6@example.com,Guest Number 6,0900000006
guest7@example.com,Guest Number 7,0900000007
guest8@example.com,Guest Number 8,0900000008
guest9@example.com,Guest Number 9,0900000009
guest10@example.com,Guest Number 10,0900000010
guest11@example.com,Guest Number 11,0900000011
guest12@example.com,Guest Number 12,0900000012
guest13@example.com,Guest Number 13,0900000013
guest14@example.com,Guest Number 14,0900000014
guest15@example.com,Guest Number 15,0900000015
guest16@example.com,Guest Number 16,0900000016
guest17@example.com,Guest Number 17,0900000017
guest18@example.com,Guest Number 18,0900000018
guest19@example.com,Guest Number 19,0900000019
guest20@example.com,Guest Number 20,0900000020
guest21@example.com,Guest Number 21,0900000021
guest22@example.com,Guest Number 22,0900000022
guest23@example.com,Guest Number 23,0900000023
guest24@example.com,Guest Number 24,0900000024
guest25@example.com,Guest Number 25,0900000025
guest26@example.com,Guest Number 26,0900000026
guest27@example.com,Guest Number 27,0900000027
guest28@example.com,Guest Number 28,0900000028
guest29@example.com,Guest Number 29,0900000029
guest30@example.com,Guest Number 30,0900000030
guest31@example.com,Guest Number 31,0900000031
guest32@example.com,Guest Number 32,0900000032
guest33@example.com,Guest Number 33,0900000033
guest34@example.com,Guest Number 34,0900000034
guest35@example.com,Guest Number 35,0900000035
guest36@example.com,Guest Number 36,0900000036
guest37@example.com,Guest Number 37,0900000037
guest38@example.com,Guest Number 38,0900000038
guest39@example.com,Guest Number 39,0900000039
guest40@example.com,Guest Number 40,0900000040
guest41@example.com,Guest Number 41,0900000041
guest42@example.com,Guest Number 42,0900000042
guest43@example.com,Guest Number 43,0900000043
guest44@example.com,Guest Number 44,0900000044
guest45@example.com,Guest Number 45,0900000045
guest46@example.com,Guest Number 46,0900000046
guest47@example.com,Guest Number 47,0900000047
guest48@example.com,Guest Number 48,0900000048
guest49@example.com,Guest Number 49,0900000049
guest10@example.com,Duplicate Guest,0901234567
guest50@example.com,Guest Number 50,0900000050
guest51@example.com,Guest Number 51,0900000051
guest52@example.com,Guest Number 52,0900000052
guest53@example.com,Guest Number 53,0900000053
guest54@example.com,Guest Number 54,0900000054
guest55@example.com,Guest Number 55,0900000055
guest56@example.com,Guest Number 56,0900000056
guest57@example.com,Guest Number 57,0900000057
guest58@example.com,Guest Number 58,0900000058
guest59@example.com,Guest Number 59,0900000059
guest60@example.com,Guest Number 60,0900000060
guest61@example.com,Guest Number 61,0900000061
guest62@example.com,Guest Number 62,0900000062
guest63@example.com,Guest Number 63,0900000063
guest64@example.com,Guest Number 64,0900000064
guest65@example.com,Guest Number 65,0900000065
guest66@example.com,Guest Number 66,0900000066
guest67@example.com,Guest Number 67,0900000067
guest68@example.com,Guest Number 68,0900000068
guest69@example.com,Guest Number 69,0900000069
guest70@example.com,Guest Number 70,0900000070
guest71@example.com,Guest Number 71,0900000071
guest72@example.com,Guest Number 72,0900000072
guest73@example.com,Guest Number 73,0900000073
guest74@example.com,Guest Number 74,0900000074
guest75@example.com,Guest Number 75,0900000075
guest76@example.com,Guest Number 76,0900000076
guest77@example.com,Guest Number 77,0900000077
guest78@example.com,Guest Number 78,0900000078
guest79@example.com,Guest Number 79,0900000079
guest80@example.com,Guest Number 80,0900000080
guest81@example.com,Guest Number 81,0900000081
guest82@example.com,Guest Number 82,0900000082
guest83@example.com,Guest Number 83,0900000083
guest84@example.com,Guest Number 84,0900000084
guest85@example.com,Guest Number 85,0900000085
guest86@example.com,Guest Number 86,0900000086
guest87@example.com,Guest Number 87,0900000087
guest88@example.com,Guest Number 88,0900000088
guest89@example.com,Guest Number 89,0900000089
guest90@example.com,Guest Number 90,0900000090
guest91@example.com,Guest Number 91,0900000091
guest92@example.com,Guest Number 92,0900000092
guest93@example.com,Guest Number 93,0900000093
guest94@example.com,Guest Number 94,0900000094
guest95@example.com,Guest Number 95,0900000095
guest96@example.com,Guest Number 96,0900000096
guest97@example.com,Guest Number 97,0900000097
guest98@example.com,Guest Number 98,0900000098
guest99@example.com,Guest Number 99,0900000099
,Missing Email,0909999999
guest100@example.com,Guest Number 100,0900000100
guest101@example.com,Guest Number 101,0900000101
guest102@example.com,Guest Number 102,0900000102
guest103@example.com,Guest Number 103,0900000103
guest104@example.com,Guest Number 104,0900000104
guest105@example.com,Guest Number 105,0900000105
guest106@example.com,Guest Number 106,0900000106
guest107@example.com,Guest Number 107,0900000107
guest108@example.com,Guest Number 108,0900000108
guest109@example.com,Guest Number 109,0900000109
guest110@example.com,Guest Number 110,0900000110
guest111@example.com,Guest Number 111,0900000111
guest112@example.com,Guest Number 112,0900000112
guest113@example.com,Guest Number 113,0900000113
guest114@example.com,Guest Number 114,0900000114
guest115@example.com,Guest Number 115,0900000115
guest116@example.com,Guest Number 116,0900000116
guest117@example.com,Guest Number 117,0900000117
guest118@example.com,Guest Number 118,0900000118
guest119@example.com,Guest Number 119,0900000119
guest120@example.com,Guest Number 120,0900000120
guest121@example.com,Guest Number 121,0900000121
guest122@example.com,Guest Number 122,0900000122
guest123@example.com,Guest Number 123,0900000123
guest124@example.com,Guest Number 124,0900000124
guest125@example.com,Guest Number 125,0900000125
guest126@example.com,Guest Number 126,0900000126
guest127@example.com,Guest Number 127,0900000127
guest128@example.com,Guest Number 128,0900000128
guest129@example.com,Guest Number 129,0900000129
guest130@example.com,Guest Number 130,0900000130
guest131@example.com,Guest Number 131,0900000131
guest132@example.com,Guest Number 132,0900000132
guest133@example.com,Guest Number 133,0900000133
guest134@example.com,Guest Number 134,0900000134
guest135@example.com,Guest Number 135,0900000135
guest136@example.com,Guest Number 136,0900000136
guest137@example.com,Guest Number 137,0900000137
guest138@example.com,Guest Number 138,0900000138
guest139@example.com,Guest Number 139,0900000139
guest140@example.com,Guest Number 140,0900000140
guest141@example.com,Guest Number 141,0900000141
guest142@example.com,Guest Number 142,0900000142
guest143@example.com,Guest Number 143,0900000143
guest144@example.com,Guest Number 144,0900000144
guest145@example.com,Guest Number 145,0900000145
guest146@example.com,Guest Number 146,0900000146
guest147@example.com,Guest Number 147,0900000147
guest148@example.com,Guest Number 148,0900000148
guest149@example.com,Guest Number 149,0900000149
guest150@example.com,Guest Number 150,0900000150
guest151@example.com,Guest Number 151,0900000151
guest152@example.com,Guest Number 152,0900000152
guest153@example.com,Guest Number 153,0900000153
guest154@example.com,Guest Number 154,0900000154
guest155@example.com,Guest Number 155,0900000155
guest156@example.com,Guest Number 156,0900000156
guest157@example.com,Guest Number 157,0900000157
guest158@example.com,Guest Number 158,0900000158
guest159@example.com,Guest Number 159,0900000159
guest160@example.com,Guest Number 160,0900000160
guest161@example.com,Guest Number 161,0900000161
guest162@example.com,Guest Number 162,0900000162
guest163@example.com,Guest Number 163,0900000163
guest164@example.com,Guest Number 164,0900000164
guest165@example.com,Guest Number 165,0900000165
guest166@example.com,Guest Number 166,0900000166
guest167@example.com,Guest Number 167,0900000167
guest168@example.com,Guest Number 168,0900000168
guest169@example.com,Guest Number 169,0900000169
guest170@example.com,Guest Number 170,0900000170
guest171@example.com,Guest Number 171,0900000171
guest172@example.com,Guest Number 172,0900000172
guest173@example.com,Guest Number 173,0900000173
guest174@example.com,Guest Number 174,0900000174
guest175@example.com,Guest Number 175,0900000175
guest176@example.com,Guest Number 176,0900000176
guest177@example.com,Guest Number 177,0900000177
guest178@example.com,Guest Number 178,0900000178
guest179@example.com,Guest Number 179,0900000179
guest180@example.com,Guest Number 180,0900000180
guest181@example.com,Guest Number 181,0900000181
guest182@example.com,Guest Number 182,0900000182
guest183@example.com,Guest Number 183,0900000183
guest184@example.com,Guest Number 184,0900000184
guest185@example.com,Guest Number 185,0900000185
guest186@example.com,Guest Number 186,0900000186
guest187@example.com,Guest Number 187,0900000187
guest188@example.com,Guest Number 188,0900000188
guest189@example.com,Guest Number 189,0900000189
guest190@example.com,Guest Number 190,0900000190
guest191@example.com,Guest Number 191,0900000191
guest192@example.com,Guest Number 192,0900000192
guest193@example.com,Guest Number 193,0900000193
guest194@example.com,Guest Number 194,0900000194
guest195@example.com,Guest Number 195,0900000195
guest196@example.com,Guest Number 196,0900000196
guest197@example.com,Guest Number 197,0900000197
guest198@example.com,Guest Number 198,0900000198
guest199@example.com,Guest Number 199,0900000199
guest200@example.com,Guest Number 200,0900000200
guest201@example.com,Guest Number 201,0900000201
guest202@example.com,Guest Number 202,0900000202
guest203@example.com,Guest Number 203,0900000203
guest204@example.com,Guest Number 204,0900000204
guest205@example.com,Guest Number 205,0900000205
guest206@example.com,Guest Number 206,0900000206
guest207@example.com,Guest Number 207,0900000207
guest208@example.com,Guest Number 208,0900000208
guest209@example.com,Guest Number 209,0900000209
guest210@example.com,Guest Number 210,0900000210
guest211@example.com,Guest Number 211,0900000211
guest212@example.com,Guest Number 212,0900000212
guest213@example.com,Guest Number 213,0900000213
guest214@example.com,Guest Number 214,0900000214
guest215@example.com,Guest Number 215,0900000215
guest216@example.com,Guest Number 216,0900000216
guest217@example.com,Guest Number 217,0900000217
guest218@example.com,Guest Number 218,0900000218
guest219@example.com,Guest Number 219,0900000219
guest220@example.com,Guest Number 220,0900000220
guest221@example.com,Guest Number 221,0900000221
guest222@example.com,Guest Number 222,0900000222
guest223@example.com,Guest Number 223,0900000223
guest224@example.com,Guest Number 224,0900000224
guest225@example.com,Guest Number 225,0900000225
guest226@example.com,Guest Number 226,0900000226
guest227@example.com,Guest Number 227,0900000227
guest228@example.com,Guest Number 228,0900000228
guest229@example.com,Guest Number 229,0900000229
guest230@example.com,Guest Number 230,0900000230
guest231@example.com,Guest Number 231,0900000231
guest232@example.com,Guest Number 232,0900000232
guest233@example.com,Guest Number 233,0900000233
guest234@example.com,Guest Number 234,0900000234
guest235@example.com,Guest Number 235,0900000235
guest236@example.com,Guest Number 236,0900000236
guest237@example.com,Guest Number 237,0900000237
guest238@example.com,Guest Number 238,0900000238
guest239@example.com,Guest Number 239,0900000239
guest240@example.com,Guest Number 240,0900000240
guest241@example.com,Guest Number 241,0900000241
guest242@example.com,Guest Number 242,0900000242
guest243@example.com,Guest Number 243,0900000243
guest244@example.com,Guest Number 244,0900000244
guest245@example.com,Guest Number 245,0900000245
guest246@example.com,Guest Number 246,0900000246
guest247@example.com,Guest Number 247,0900000247
guest248@example.com,Guest Number 248,0900000248
guest249@example.com,Guest Number 249,0900000249
guest250@example.com,Guest Number 250,0900000250
guest251@example.com,Guest Number 251,0900000251
guest252@example.com,Guest Number 252,0900000252
guest253@example.com,Guest Number 253,0900000253
guest254@example.com,Guest Number 254,0900000254
guest255@example.com,Guest Number 255,0900000255
guest256@example.com,Guest Number 256,0900000256
guest257@example.com,Guest Number 257,0900000257
guest258@example.com,Guest Number 258,0900000258
guest259@example.com,Guest Number 259,0900000259
guest260@example.com,Guest Number 260,0900000260
guest261@example.com,Guest Number 261,0900000261
guest262@example.com,Guest Number 262,0900000262
guest263@example.com,Guest Number 263,0900000263
guest264@example.com,Guest Number 264,0900000264
guest265@example.com,Guest Number 265,0900000265
guest266@example.com,Guest Number 266,0900000266
guest267@example.com,Guest Number 267,0900000267
guest268@example.com,Guest Number 268,0900000268
guest269@example.com,Guest Number 269,0900000269
guest270@example.com,Guest Number 270,0900000270
guest271@example.com,Guest Number 271,0900000271
guest272@example.com,Guest Number 272,0900000272
guest273@example.com,Guest Number 273,0900000273
guest274@example.com,Guest Number 274,0900000274
guest275@example.com,Guest Number 275,0900000275
guest276@example.com,Guest Number 276,0900000276
guest277@example.com,Guest Number 277,0900000277
guest278@example.com,Guest Number 278,0900000278
guest279@example.com,Guest Number 279,0900000279
guest280@example.com,Guest Number 280,0900000280
guest281@example.com,Guest Number 281,0900000281
guest282@example.com,Guest Number 282,0900000282
guest283@example.com,Guest Number 283,0900000283
guest284@example.com,Guest Number 284,0900000284
guest285@example.com,Guest Number 285,0900000285
guest286@example.com,Guest Number 286,0900000286
guest287@example.com,Guest Number 287,0900000287
guest288@example.com,Guest Number 288,0900000288
guest289@example.com,Guest Number 289,0900000289
guest290@example.com,Guest Number 290,0900000290
guest291@example.com,Guest Number 291,0900000291
guest292@example.com,Guest Number 292,0900000292
guest293@example.com,Guest Number 293,0900000293
guest294@example.com,Guest Number 294,0900000294
guest295@example.com,Guest Number 295,0900000295
guest296@example.com,Guest Number 296,0900000296
guest297@example.com,Guest Number 297,0900000297
guest298@example.com,Guest Number 298,0900000298
guest299@example.com,Guest Number 299,0900000299
guest300@example.com,Guest Number 300,0900000300
guest301@example.com,Guest Number 301,0900000301
guest302@example.com,Guest Number 302,0900000302
guest303@example.com,Guest Number 303,0900000303
guest304@example.com,Guest Number 304,0900000304
guest305@example.com,Guest Number 305,0900000305
guest306@example.com,Guest Number 306,0900000306
guest307@example.com,Guest Number 307,0900000307
guest308@example.com,Guest Number 308,0900000308
guest309@example.com,Guest Number 309,0900000309
guest310@example.com,Guest Number 310,0900000310
guest311@example.com,Guest Number 311,0900000311
guest312@example.com,Guest Number 312,0900000312
guest313@example.com,Guest Number 313,0900000313
guest314@example.com,Guest Number 314,0900000314
guest315@example.com,Guest Number 315,0900000315
guest316@example.com,Guest Number 316,0900000316
guest317@example.com,Guest Number 317,0900000317
guest318@example.com,Guest Number 318,0900000318
guest319@example.com,Guest Number 319,0900000319
guest320@example.com,Guest Number 320,0900000320
guest321@example.com,Guest Number 321,0900000321
guest322@example.com,Guest Number 322,0900000322
guest323@example.com,Guest Number 323,0900000323
guest324@example.com,Guest Number 324,0900000324
guest325@example.com,Guest Number 325,0900000325
guest326@example.com,Guest Number 326,0900000326
guest327@example.com,Guest Number 327,0900000327
guest328@example.com,Guest Number 328,0900000328
guest329@example.com,Guest Number 329,0900000329
guest330@example.com,Guest Number 330,0900000330
guest331@example.com,Guest Number 331,0900000331
guest332@example.com,Guest Number 332,0900000332
guest333@example.com,Guest Number 333,0900000333
guest334@example.com,Guest Number 334,0900000334
guest335@example.com,Guest Number 335,0900000335
guest336@example.com,Guest Number 336,0900000336
guest337@example.com,Guest Number 337,0900000337
guest338@example.com,Guest Number 338,0900000338
guest339@example.com,Guest Number 339,0900000339
guest340@example.com,Guest Number 340,0900000340
guest341@example.com,Guest Number 341,0900000341
guest342@example.com,Guest Number 342,0900000342
guest343@example.com,Guest Number 343,0900000343
guest344@example.com,Guest Number 344,0900000344
guest345@example.com,Guest Number 345,0900000345
guest346@example.com,Guest Number 346,0900000346
guest347@example.com,Guest Number 347,0900000347
guest348@example.com,Guest Number 348,0900000348
guest349@example.com,Guest Number 349,0900000349
guest350@example.com,Guest Number 350,0900000350
guest351@example.com,Guest Number 351,0900000351
guest352@example.com,Guest Number 352,0900000352
guest353@example.com,Guest Number 353,0900000353
guest354@example.com,Guest Number 354,0900000354
guest355@example.com,Guest Number 355,0900000355
guest356@example.com,Guest Number 356,0900000356
guest357@example.com,Guest Number 357,0900000357
guest358@example.com,Guest Number 358,0900000358
guest359@example.com,Guest Number 359,0900000359
guest360@example.com,Guest Number 360,0900000360
guest361@example.com,Guest Number 361,0900000361
guest362@example.com,Guest Number 362,0900000362
guest363@example.com,Guest Number 363,0900000363
guest364@example.com,Guest Number 364,0900000364
guest365@example.com,Guest Number 365,0900000365
guest366@example.com,Guest Number 366,0900000366
guest367@example.com,Guest Number 367,0900000367
guest368@example.com,Guest Number 368,0900000368
guest369@example.com,Guest Number 369,0900000369
guest370@example.com,Guest Number 370,0900000370
guest371@example.com,Guest Number 371,0900000371
guest372@example.com,Guest Number 372,0900000372
guest373@example.com,Guest Number 373,0900000373
guest374@example.com,Guest Number 374,0900000374
guest375@example.com,Guest Number 375,0900000375
guest376@example.com,Guest Number 376,0900000376
guest377@example.com,Guest Number 377,0900000377
guest378@example.com,Guest Number 378,0900000378
guest379@example.com,Guest Number 379,0900000379
guest380@example.com,Guest Number 380,0900000380
guest381@example.com,Guest Number 381,0900000381
guest382@example.com,Guest Number 382,0900000382
guest383@example.com,Guest Number 383,0900000383
guest384@example.com,Guest Number 384,0900000384
guest385@example.com,Guest Number 385,0900000385
guest386@example.com,Guest Number 386,0900000386
guest387@example.com,Guest Number 387,0900000387
guest388@example.com,Guest Number 388,0900000388
guest389@example.com,Guest Number 389,0900000389
guest390@example.com,Guest Number 390,0900000390
guest391@example.com,Guest Number 391,0900000391
guest392@example.com,Guest Number 392,0900000392
guest393@example.com,Guest Number 393,0900000393
guest394@example.com,Guest Number 394,0900000394
guest395@example.com,Guest Number 395,0900000395
guest396@example.com,Guest Number 396,0900000396
guest397@example.com,Guest Number 397,0900000397
guest398@example.com,Guest Number 398,0900000398
guest399@example.com,Guest Number 399,0900000399
guest400@example.com,Guest Number 400,0900000400
guest401@example.com,Guest Number 401,0900000401
guest402@example.com,Guest Number 402,0900000402
guest403@example.com,Guest Number 403,0900000403
guest404@example.com,Guest Number 404,0900000404
guest405@example.com,Guest Number 405,0900000405
guest406@example.com,Guest Number 406,0900000406
guest407@example.com,Guest Number 407,0900000407
guest408@example.com,Guest Number 408,0900000408
guest409@example.com,Guest Number 409,0900000409
guest410@example.com,Guest Number 410,0900000410
guest411@example.com,Guest Number 411,0900000411
guest412@example.com,Guest Number 412,0900000412
guest413@example.com,Guest Number 413,0900000413
guest414@example.com,Guest Number 414,0900000414
guest415@example.com,Guest Number 415,0900000415
guest416@example.com,Guest Number 416,0900000416
guest417@example.com,Guest Number 417,0900000417
guest418@example.com,Guest Number 418,0900000418
guest419@example.com,Guest Number 419,0900000419
guest420@example.com,Guest Number 420,0900000420
guest421@example.com,Guest Number 421,0900000421
guest422@example.com,Guest Number 422,0900000422
guest423@example.com,Guest Number 423,0900000423
guest424@example.com,Guest Number 424,0900000424
guest425@example.com,Guest Number 425,0900000425
guest426@example.com,Guest Number 426,0900000426
guest427@example.com,Guest Number 427,0900000427
guest428@example.com,Guest Number 428,0900000428
guest429@example.com,Guest Number 429,0900000429
guest430@example.com,Guest Number 430,0900000430
guest431@example.com,Guest Number 431,0900000431
guest432@example.com,Guest Number 432,0900000432
guest433@example.com,Guest Number 433,0900000433
guest434@example.com,Guest Number 434,0900000434
guest435@example.com,Guest Number 435,0900000435
guest436@example.com,Guest Number 436,0900000436
guest437@example.com,Guest Number 437,0900000437
guest438@example.com,Guest Number 438,0900000438
guest439@example.com,Guest Number 439,0900000439
guest440@example.com,Guest Number 440,0900000440
guest441@example.com,Guest Number 441,0900000441
guest442@example.com,Guest Number 442,0900000442
guest443@example.com,Guest Number 443,0900000443
guest444@example.com,Guest Number 444,0900000444
guest445@example.com,Guest Number 445,0900000445
guest446@example.com,Guest Number 446,0900000446
guest447@example.com,Guest Number 447,0900000447
guest448@example.com,Guest Number 448,0900000448
guest449@example.com,Guest Number 449,0900000449
guest450@example.com,Guest Number 450,0900000450
guest451@example.com,Guest Number 451,0900000451
guest452@example.com,Guest Number 452,0900000452
guest453@example.com,Guest Number 453,0900000453
guest454@example.com,Guest Number 454,0900000454
guest455@example.com,Guest Number 455,0900000455
guest456@example.com,Guest Number 456,0900000456
guest457@example.com,Guest Number 457,0900000457
guest458@example.com,Guest Number 458,0900000458
guest459@example.com,Guest Number 459,0900000459
guest460@example.com,Guest Number 460,0900000460
guest461@example.com,Guest Number 461,0900000461
guest462@example.com,Guest Number 462,0900000462
guest463@example.com,Guest Number 463,0900000463
guest464@example.com,Guest Number 464,0900000464
guest465@example.com,Guest Number 465,0900000465
guest466@example.com,Guest Number 466,0900000466
guest467@example.com,Guest Number 467,0900000467
guest468@example.com,Guest Number 468,0900000468
guest469@example.com,Guest Number 469,0900000469
guest470@example.com,Guest Number 470,0900000470
guest471@example.com,Guest Number 471,0900000471
guest472@example.com,Guest Number 472,0900000472
guest473@example.com,Guest Number 473,0900000473
guest474@example.com,Guest Number 474,0900000474
guest475@example.com,Guest Number 475,0900000475
guest476@example.com,Guest Number 476,0900000476
guest477@example.com,Guest Number 477,0900000477
guest478@example.com,Guest Number 478,0900000478
guest479@example.com,Guest Number 479,0900000479
guest480@example.com,Guest Number 480,0900000480
guest481@example.com,Guest Number 481,0900000481
guest482@example.com,Guest Number 482,0900000482
guest483@example.com,Guest Number 483,0900000483
guest484@example.com,Guest Number 484,0900000484
guest485@example.com,Guest Number 485,0900000485
guest486@example.com,Guest Number 486,0900000486
guest487@example.com,Guest Number 487,0900000487
guest488@example.com,Guest Number 488,0900000488
guest489@example.com,Guest Number 489,0900000489
guest490@example.com,Guest Number 490,0900000490
guest491@example.com,Guest Number 491,0900000491
guest492@example.com,Guest Number 492,0900000492
guest493@example.com,Guest Number 493,0900000493
guest494@example.com,Guest Number 494,0900000494
guest495@example.com,Guest Number 495,0900000495
guest496@example.com,Guest Number 496,0900000496
guest497@example.com,Guest Number 497,0900000497
guest498@example.com,Guest Number 498,0900000498
guest499@example.com,Guest Number 499,0900000499
guest500@example.com,Guest Number 500,0900000500
guest501@example.com,Guest Number 501,0900000501
guest502@example.com,Guest Number 502,0900000502
guest503@example.com,Guest Number 503,0900000503
guest504@example.com,Guest Number 504,0900000504
guest505@example.com,Guest Number 505,0900000505
guest506@example.com,Guest Number 506,0900000506
guest507@example.com,Guest Number 507,0900000507
guest508@example.com,Guest Number 508,0900000508
guest509@example.com,Guest Number 509,0900000509
guest510@example.com,Guest Number 510,0900000510
guest511@example.com,Guest Number 511,0900000511
guest512@example.com,Guest Number 512,0900000512
guest513@example.com,Guest Number 513,0900000513
guest514@example.com,Guest Number 514,0900000514
guest515@example.com,Guest Number 515,0900000515
guest516@example.com,Guest Number 516,0900000516
guest517@example.com,Guest Number 517,0900000517
guest518@example.com,Guest Number 518,0900000518
guest519@example.com,Guest Number 519,0900000519
guest520@example.com,Guest Number 520,0900000520
guest521@example.com,Guest Number 521,0900000521
guest522@example.com,Guest Number 522,0900000522
guest523@example.com,Guest Number 523,0900000523
guest524@example.com,Guest Number 524,0900000524
guest525@example.com,Guest Number 525,0900000525
guest526@example.com,Guest Number 526,0900000526
guest527@example.com,Guest Number 527,0900000527
guest528@example.com,Guest Number 528,0900000528
guest529@example.com,Guest Number 529,0900000529
guest530@example.com,Guest Number 530,0900000530
guest531@example.com,Guest Number 531,0900000531
guest532@example.com,Guest Number 532,0900000532
guest533@example.com,Guest Number 533,0900000533
guest534@example.com,Guest Number 534,0900000534
guest535@example.com,Guest Number 535,0900000535
guest536@example.com,Guest Number 536,0900000536
guest537@example.com,Guest Number 537,0900000537
guest538@example.com,Guest Number 538,0900000538
guest539@example.com,Guest Number 539,0900000539
guest540@example.com,Guest Number 540,0900000540
guest541@example.com,Guest Number 541,0900000541
guest542@example.com,Guest Number 542,0900000542
guest543@example.com,Guest Number 543,0900000543
guest544@example.com,Guest Number 544,0900000544
guest545@example.com,Guest Number 545,0900000545
guest546@example.com,Guest Number 546,0900000546
guest547@example.com,Guest Number 547,0900000547
guest548@example.com,Guest Number 548,0900000548
guest549@example.com,Guest Number 549,0900000549
guest550@example.com,Guest Number 550,0900000550
guest551@example.com,Guest Number 551,0900000551
guest552@example.com,Guest Number 552,0900000552
guest553@example.com,Guest Number 553,0900000553
guest554@example.com,Guest Number 554,0900000554
guest555@example.com,Guest Number 555,0900000555
guest556@example.com,Guest Number 556,0900000556
guest557@example.com,Guest Number 557,0900000557
guest558@example.com,Guest Number 558,0900000558
guest559@example.com,Guest Number 559,0900000559
guest560@example.com,Guest Number 560,0900000560
guest561@example.com,Guest Number 561,0900000561
guest562@example.com,Guest Number 562,0900000562
guest563@example.com,Guest Number 563,0900000563
guest564@example.com,Guest Number 564,0900000564
guest565@example.com,Guest Number 565,0900000565
guest566@example.com,Guest Number 566,0900000566
guest567@example.com,Guest Number 567,0900000567
guest568@example.com,Guest Number 568,0900000568
guest569@example.com,Guest Number 569,0900000569
guest570@example.com,Guest Number 570,0900000570
guest571@example.com,Guest Number 571,0900000571
guest572@example.com,Guest Number 572,0900000572
guest573@example.com,Guest Number 573,0900000573
guest574@example.com,Guest Number 574,0900000574
guest575@example.com,Guest Number 575,0900000575
guest576@example.com,Guest Number 576,0900000576
guest577@example.com,Guest Number 577,0900000577
guest578@example.com,Guest Number 578,0900000578
guest579@example.com,Guest Number 579,0900000579
guest580@example.com,Guest Number 580,0900000580
guest581@example.com,Guest Number 581,0900000581
guest582@example.com,Guest Number 582,0900000582
guest583@example.com,Guest Number 583,0900000583
guest584@example.com,Guest Number 584,0900000584
guest585@example.com,Guest Number 585,0900000585
guest586@example.com,Guest Number 586,0900000586
guest587@example.com,Guest Number 587,0900000587
guest588@example.com,Guest Number 588,0900000588
guest589@example.com,Guest Number 589,0900000589
guest590@example.com,Guest Number 590,0900000590
guest591@example.com,Guest Number 591,0900000591
guest592@example.com,Guest Number 592,0900000592
guest593@example.com,Guest Number 593,0900000593
guest594@example.com,Guest Number 594,0900000594
guest595@example.com,Guest Number 595,0900000595
guest596@example.com,Guest Number 596,0900000596
guest597@example.com,Guest Number 597,0900000597
guest598@example.com,Guest Number 598,0900000598
guest599@example.com,Guest Number 599,0900000599
guest600@example.com,Guest Number 600,0900000600
guest601@example.com,Guest Number 601,0900000601
guest602@example.com,Guest Number 602,0900000602
guest603@example.com,Guest Number 603,0900000603
guest604@example.com,Guest Number 604,0900000604
guest605@example.com,Guest Number 605,0900000605
guest606@example.com,Guest Number 606,0900000606
guest607@example.com,Guest Number 607,0900000607
guest608@example.com,Guest Number 608,0900000608
guest609@example.com,Guest Number 609,0900000609
guest610@example.com,Guest Number 610,0900000610
guest611@example.com,Guest Number 611,0900000611
guest612@example.com,Guest Number 612,0900000612
guest613@example.com,Guest Number 613,0900000613
guest614@example.com,Guest Number 614,0900000614
guest615@example.com,Guest Number 615,0900000615
guest616@example.com,Guest Number 616,0900000616
guest617@example.com,Guest Number 617,0900000617
guest618@example.com,Guest Number 618,0900000618
guest619@example.com,Guest Number 619,0900000619
guest620@example.com,Guest Number 620,0900000620
guest621@example.com,Guest Number 621,0900000621
guest622@example.com,Guest Number 622,0900000622
guest623@example.com,Guest Number 623,0900000623
guest624@example.com,Guest Number 624,0900000624
guest625@example.com,Guest Number 625,0900000625
guest626@example.com,Guest Number 626,0900000626
guest627@example.com,Guest Number 627,0900000627
guest628@example.com,Guest Number 628,0900000628
guest629@example.com,Guest Number 629,0900000629
guest630@example.com,Guest Number 630,0900000630
guest631@example.com,Guest Number 631,0900000631
guest632@example.com,Guest Number 632,0900000632
guest633@example.com,Guest Number 633,0900000633
guest634@example.com,Guest Number 634,0900000634
guest635@example.com,Guest Number 635,0900000635
guest636@example.com,Guest Number 636,0900000636
guest637@example.com,Guest Number 637,0900000637
guest638@example.com,Guest Number 638,0900000638
guest639@example.com,Guest Number 639,0900000639
guest640@example.com,Guest Number 640,0900000640
guest641@example.com,Guest Number 641,0900000641
guest642@example.com,Guest Number 642,0900000642
guest643@example.com,Guest Number 643,0900000643
guest644@example.com,Guest Number 644,0900000644
guest645@example.com,Guest Number 645,0900000645
guest646@example.com,Guest Number 646,0900000646
guest647@example.com,Guest Number 647,0900000647
guest648@example.com,Guest Number 648,0900000648
guest649@example.com,Guest Number 649,0900000649
guest650@example.com,Guest Number 650,0900000650
guest651@example.com,Guest Number 651,0900000651
guest652@example.com,Guest Number 652,0900000652
guest653@example.com,Guest Number 653,0900000653
guest654@example.com,Guest Number 654,0900000654
guest655@example.com,Guest Number 655,0900000655
guest656@example.com,Guest Number 656,0900000656
guest657@example.com,Guest Number 657,0900000657
guest658@example.com,Guest Number 658,0900000658
guest659@example.com,Guest Number 659,0900000659
guest660@example.com,Guest Number 660,0900000660
guest661@example.com,Guest Number 661,0900000661
guest662@example.com,Guest Number 662,0900000662
guest663@example.com,Guest Number 663,0900000663
guest664@example.com,Guest Number 664,0900000664
guest665@example.com,Guest Number 665,0900000665
guest666@example.com,Guest Number 666,0900000666
guest667@example.com,Guest Number 667,0900000667
guest668@example.com,Guest Number 668,0900000668
guest669@example.com,Guest Number 669,0900000669
guest670@example.com,Guest Number 670,0900000670
guest671@example.com,Guest Number 671,0900000671
guest672@example.com,Guest Number 672,0900000672
guest673@example.com,Guest Number 673,0900000673
guest674@example.com,Guest Number 674,0900000674
guest675@example.com,Guest Number 675,0900000675
guest676@example.com,Guest Number 676,0900000676
guest677@example.com,Guest Number 677,0900000677
guest678@example.com,Guest Number 678,0900000678
guest679@example.com,Guest Number 679,0900000679
guest680@example.com,Guest Number 680,0900000680
guest681@example.com,Guest Number 681,0900000681
guest682@example.com,Guest Number 682,0900000682
guest683@example.com,Guest Number 683,0900000683
guest684@example.com,Guest Number 684,0900000684
guest685@example.com,Guest Number 685,0900000685
guest686@example.com,Guest Number 686,0900000686
guest687@example.com,Guest Number 687,0900000687
guest688@example.com,Guest Number 688,0900000688
guest689@example.com,Guest Number 689,0900000689
guest690@example.com,Guest Number 690,0900000690
guest691@example.com,Guest Number 691,0900000691
guest692@example.com,Guest Number 692,0900000692
guest693@example.com,Guest Number 693,0900000693
guest694@example.com,Guest Number 694,0900000694
guest695@example.com,Guest Number 695,0900000695
guest696@example.com,Guest Number 696,0900000696
guest697@example.com,Guest Number 697,0900000697
guest698@example.com,Guest Number 698,0900000698
guest699@example.com,Guest Number 699,0900000699
guest700@example.com,Guest Number 700,0900000700
guest701@example.com,Guest Number 701,0900000701
guest702@example.com,Guest Number 702,0900000702
guest703@example.com,Guest Number 703,0900000703
guest704@example.com,Guest Number 704,0900000704
guest705@example.com,Guest Number 705,0900000705
guest706@example.com,Guest Number 706,0900000706
guest707@example.com,Guest Number 707,0900000707
guest708@example.com,Guest Number 708,0900000708
guest709@example.com,Guest Number 709,0900000709
guest710@example.com,Guest Number 710,0900000710
guest711@example.com,Guest Number 711,0900000711
guest712@example.com,Guest Number 712,0900000712
guest713@example.com,Guest Number 713,0900000713
guest714@example.com,Guest Number 714,0900000714
guest715@example.com,Guest Number 715,0900000715
guest716@example.com,Guest Number 716,0900000716
guest717@example.com,Guest Number 717,0900000717
guest718@example.com,Guest Number 718,0900000718
guest719@example.com,Guest Number 719,0900000719
guest720@example.com,Guest Number 720,0900000720
guest721@example.com,Guest Number 721,0900000721
guest722@example.com,Guest Number 722,0900000722
guest723@example.com,Guest Number 723,0900000723
guest724@example.com,Guest Number 724,0900000724
guest725@example.com,Guest Number 725,0900000725
guest726@example.com,Guest Number 726,0900000726
guest727@example.com,Guest Number 727,0900000727
guest728@example.com,Guest Number 728,0900000728
guest729@example.com,Guest Number 729,0900000729
guest730@example.com,Guest Number 730,0900000730
guest731@example.com,Guest Number 731,0900000731
guest732@example.com,Guest Number 732,0900000732
guest733@example.com,Guest Number 733,0900000733
guest734@example.com,Guest Number 734,0900000734
guest735@example.com,Guest Number 735,0900000735
guest736@example.com,Guest Number 736,0900000736
guest737@example.com,Guest Number 737,0900000737
guest738@example.com,Guest Number 738,0900000738
guest739@example.com,Guest Number 739,0900000739
guest740@example.com,Guest Number 740,0900000740
guest741@example.com,Guest Number 741,0900000741
guest742@example.com,Guest Number 742,0900000742
guest743@example.com,Guest Number 743,0900000743
guest744@example.com,Guest Number 744,0900000744
guest745@example.com,Guest Number 745,0900000745
guest746@example.com,Guest Number 746,0900000746
guest747@example.com,Guest Number 747,0900000747
guest748@example.com,Guest Number 748,0900000748
guest749@example.com,Guest Number 749,0900000749
guest750@example.com,Guest Number 750,0900000750
guest751@example.com,Guest Number 751,0900000751
guest752@example.com,Guest Number 752,0900000752
guest753@example.com,Guest Number 753,0900000753
guest754@example.com,Guest Number 754,0900000754
guest755@example.com,Guest Number 755,0900000755
guest756@example.com,Guest Number 756,0900000756
guest757@example.com,Guest Number 757,0900000757
guest758@example.com,Guest Number 758,0900000758
guest759@example.com,Guest Number 759,0900000759
guest760@example.com,Guest Number 760,0900000760
guest761@example.com,Guest Number 761,0900000761
guest762@example.com,Guest Number 762,0900000762
guest763@example.com,Guest Number 763,0900000763
guest764@example.com,Guest Number 764,0900000764
guest765@example.com,Guest Number 765,0900000765
guest766@example.com,Guest Number 766,0900000766
guest767@example.com,Guest Number 767,0900000767
guest768@example.com,Guest Number 768,0900000768
guest769@example.com,Guest Number 769,0900000769
guest770@example.com,Guest Number 770,0900000770
guest771@example.com,Guest Number 771,0900000771
guest772@example.com,Guest Number 772,0900000772
guest773@example.com,Guest Number 773,0900000773
guest774@example.com,Guest Number 774,0900000774
guest775@example.com,Guest Number 775,0900000775
guest776@example.com,Guest Number 776,0900000776
guest777@example.com,Guest Number 777,0900000777
guest778@example.com,Guest Number 778,0900000778
guest779@example.com,Guest Number 779,0900000779
guest780@example.com,Guest Number 780,0900000780
guest781@example.com,Guest Number 781,0900000781
guest782@example.com,Guest Number 782,0900000782
guest783@example.com,Guest Number 783,0900000783
guest784@example.com,Guest Number 784,0900000784
guest785@example.com,Guest Number 785,0900000785
guest786@example.com,Guest Number 786,0900000786
guest787@example.com,Guest Number 787,0900000787
guest788@example.com,Guest Number 788,0900000788
guest789@example.com,Guest Number 789,0900000789
guest790@example.com,Guest Number 790,0900000790
guest791@example.com,Guest Number 791,0900000791
guest792@example.com,Guest Number 792,0900000792
guest793@example.com,Guest Number 793,0900000793
guest794@example.com,Guest Number 794,0900000794
guest795@example.com,Guest Number 795,0900000795
guest796@example.com,Guest Number 796,0900000796
guest797@example.com,Guest Number 797,0900000797
guest798@example.com,Guest Number 798,0900000798
guest799@example.com,Guest Number 799,0900000799
guest800@example.com,Guest Number 800,0900000800
guest801@example.com,Guest Number 801,0900000801
guest802@example.com,Guest Number 802,0900000802
guest803@example.com,Guest Number 803,0900000803
guest804@example.com,Guest Number 804,0900000804
guest805@example.com,Guest Number 805,0900000805
guest806@example.com,Guest Number 806,0900000806
guest807@example.com,Guest Number 807,0900000807
guest808@example.com,Guest Number 808,0900000808
guest809@example.com,Guest Number 809,0900000809
guest810@example.com,Guest Number 810,0900000810
guest811@example.com,Guest Number 811,0900000811
guest812@example.com,Guest Number 812,0900000812
guest813@example.com,Guest Number 813,0900000813
guest814@example.com,Guest Number 814,0900000814
guest815@example.com,Guest Number 815,0900000815
guest816@example.com,Guest Number 816,0900000816
guest817@example.com,Guest Number 817,0900000817
guest818@example.com,Guest Number 818,0900000818
guest819@example.com,Guest Number 819,0900000819
guest820@example.com,Guest Number 820,0900000820
guest821@example.com,Guest Number 821,0900000821
guest822@example.com,Guest Number 822,0900000822
guest823@example.com,Guest Number 823,0900000823
guest824@example.com,Guest Number 824,0900000824
guest825@example.com,Guest Number 825,0900000825
guest826@example.com,Guest Number 826,0900000826
guest827@example.com,Guest Number 827,0900000827
guest828@example.com,Guest Number 828,0900000828
guest829@example.com,Guest Number 829,0900000829
guest830@example.com,Guest Number 830,0900000830
guest831@example.com,Guest Number 831,0900000831
guest832@example.com,Guest Number 832,0900000832
guest833@example.com,Guest Number 833,0900000833
guest834@example.com,Guest Number 834,0900000834
guest835@example.com,Guest Number 835,0900000835
guest836@example.com,Guest Number 836,0900000836
guest837@example.com,Guest Number 837,0900000837
guest838@example.com,Guest Number 838,0900000838
guest839@example.com,Guest Number 839,0900000839
guest840@example.com,Guest Number 840,0900000840
guest841@example.com,Guest Number 841,0900000841
guest842@example.com,Guest Number 842,0900000842
guest843@example.com,Guest Number 843,0900000843
guest844@example.com,Guest Number 844,0900000844
guest845@example.com,Guest Number 845,0900000845
guest846@example.com,Guest Number 846,0900000846
guest847@example.com,Guest Number 847,0900000847
guest848@example.com,Guest Number 848,0900000848
guest849@example.com,Guest Number 849,0900000849
guest850@example.com,Guest Number 850,0900000850
guest851@example.com,Guest Number 851,0900000851
guest852@example.com,Guest Number 852,0900000852
guest853@example.com,Guest Number 853,0900000853
guest854@example.com,Guest Number 854,0900000854
guest855@example.com,Guest Number 855,0900000855
guest856@example.com,Guest Number 856,0900000856
guest857@example.com,Guest Number 857,0900000857
guest858@example.com,Guest Number 858,0900000858
guest859@example.com,Guest Number 859,0900000859
guest860@example.com,Guest Number 860,0900000860
guest861@example.com,Guest Number 861,0900000861
guest862@example.com,Guest Number 862,0900000862
guest863@example.com,Guest Number 863,0900000863
guest864@example.com,Guest Number 864,0900000864
guest865@example.com,Guest Number 865,0900000865
guest866@example.com,Guest Number 866,0900000866
guest867@example.com,Guest Number 867,0900000867
guest868@example.com,Guest Number 868,0900000868
guest869@example.com,Guest Number 869,0900000869
guest870@example.com,Guest Number 870,0900000870
guest871@example.com,Guest Number 871,0900000871
guest872@example.com,Guest Number 872,0900000872
guest873@example.com,Guest Number 873,0900000873
guest874@example.com,Guest Number 874,0900000874
guest875@example.com,Guest Number 875,0900000875
guest876@example.com,Guest Number 876,0900000876
guest877@example.com,Guest Number 877,0900000877
guest878@example.com,Guest Number 878,0900000878
guest879@example.com,Guest Number 879,0900000879
guest880@example.com,Guest Number 880,0900000880
guest881@example.com,Guest Number 881,0900000881
guest882@example.com,Guest Number 882,0900000882
guest883@example.com,Guest Number 883,0900000883
guest884@example.com,Guest Number 884,0900000884
guest885@example.com,Guest Number 885,0900000885
guest886@example.com,Guest Number 886,0900000886
guest887@example.com,Guest Number 887,0900000887
guest888@example.com,Guest Number 888,0900000888
guest889@example.com,Guest Number 889,0900000889
guest890@example.com,Guest Number 890,0900000890
guest891@example.com,Guest Number 891,0900000891
guest892@example.com,Guest Number 892,0900000892
guest893@example.com,Guest Number 893,0900000893
guest894@example.com,Guest Number 894,0900000894
guest895@example.com,Guest Number 895,0900000895
guest896@example.com,Guest Number 896,0900000896
guest897@example.com,Guest Number 897,0900000897
guest898@example.com,Guest Number 898,0900000898
guest899@example.com,Guest Number 899,0900000899
guest900@example.com,Guest Number 900,0900000900
guest901@example.com,Guest Number 901,0900000901
guest902@example.com,Guest Number 902,0900000902
guest903@example.com,Guest Number 903,0900000903
guest904@example.com,Guest Number 904,0900000904
guest905@example.com,Guest Number 905,0900000905
guest906@example.com,Guest Number 906,0900000906
guest907@example.com,Guest Number 907,0900000907
guest908@example.com,Guest Number 908,0900000908
guest909@example.com,Guest Number 909,0900000909
guest910@example.com,Guest Number 910,0900000910
guest911@example.com,Guest Number 911,0900000911
guest912@example.com,Guest Number 912,0900000912
guest913@example.com,Guest Number 913,0900000913
guest914@example.com,Guest Number 914,0900000914
guest915@example.com,Guest Number 915,0900000915
guest916@example.com,Guest Number 916,0900000916
guest917@example.com,Guest Number 917,0900000917
guest918@example.com,Guest Number 918,0900000918
guest919@example.com,Guest Number 919,0900000919
guest920@example.com,Guest Number 920,0900000920
guest921@example.com,Guest Number 921,0900000921
guest922@example.com,Guest Number 922,0900000922
guest923@example.com,Guest Number 923,0900000923
guest924@example.com,Guest Number 924,0900000924
guest925@example.com,Guest Number 925,0900000925
guest926@example.com,Guest Number 926,0900000926
guest927@example.com,Guest Number 927,0900000927
guest928@example.com,Guest Number 928,0900000928
guest929@example.com,Guest Number 929,0900000929
guest930@example.com,Guest Number 930,0900000930
guest931@example.com,Guest Number 931,0900000931
guest932@example.com,Guest Number 932,0900000932
guest933@example.com,Guest Number 933,0900000933
guest934@example.com,Guest Number 934,0900000934
guest935@example.com,Guest Number 935,0900000935
guest936@example.com,Guest Number 936,0900000936
guest937@example.com,Guest Number 937,0900000937
guest938@example.com,Guest Number 938,0900000938
guest939@example.com,Guest Number 939,0900000939
guest940@example.com,Guest Number 940,0900000940
guest941@example.com,Guest Number 941,0900000941
guest942@example.com,Guest Number 942,0900000942
guest943@example.com,Guest Number 943,0900000943
guest944@example.com,Guest Number 944,0900000944
guest945@example.com,Guest Number 945,0900000945
guest946@example.com,Guest Number 946,0900000946
guest947@example.com,Guest Number 947,0900000947
guest948@example.com,Guest Number 948,0900000948
guest949@example.com,Guest Number 949,0900000949
guest950@example.com,Guest Number 950,0900000950
guest951@example.com,Guest Number 951,0900000951
guest952@example.com,Guest Number 952,0900000952
guest953@example.com,Guest Number 953,0900000953
guest954@example.com,Guest Number 954,0900000954
guest955@example.com,Guest Number 955,0900000955
guest956@example.com,Guest Number 956,0900000956
guest957@example.com,Guest Number 957,0900000957
guest958@example.com,Guest Number 958,0900000958
guest959@example.com,Guest Number 959,0900000959
guest960@example.com,Guest Number 960,0900000960
guest961@example.com,Guest Number 961,0900000961
guest962@example.com,Guest Number 962,0900000962
guest963@example.com,Guest Number 963,0900000963
guest964@example.com,Guest Number 964,0900000964
guest965@example.com,Guest Number 965,0900000965
guest966@example.com,Guest Number 966,0900000966
guest967@example.com,Guest Number 967,0900000967
guest968@example.com,Guest Number 968,0900000968
guest969@example.com,Guest Number 969,0900000969
guest970@example.com,Guest Number 970,0900000970
guest971@example.com,Guest Number 971,0900000971
guest972@example.com,Guest Number 972,0900000972
guest973@example.com,Guest Number 973,0900000973
guest974@example.com,Guest Number 974,0900000974
guest975@example.com,Guest Number 975,0900000975
guest976@example.com,Guest Number 976,0900000976
guest977@example.com,Guest Number 977,0900000977
guest978@example.com,Guest Number 978,0900000978
guest979@example.com,Guest Number 979,0900000979
guest980@example.com,Guest Number 980,0900000980
guest981@example.com,Guest Number 981,0900000981
guest982@example.com,Guest Number 982,0900000982
guest983@example.com,Guest Number 983,0900000983
guest984@example.com,Guest Number 984,0900000984
guest985@example.com,Guest Number 985,0900000985
guest986@example.com,Guest Number 986,0900000986
guest987@example.com,Guest Number 987,0900000987
guest988@example.com,Guest Number 988,0900000988
guest989@example.com,Guest Number 989,0900000989
guest990@example.com,Guest Number 990,0900000990
guest991@example.com,Guest Number 991,0900000991
guest992@example.com,Guest Number 992,0900000992
guest993@example.com,Guest Number 993,0900000993
guest994@example.com,Guest Number 994,0900000994
guest995@example.com,Guest Number 995,0900000995
guest996@example.com,Guest Number 996,0900000996
guest997@example.com,Guest Number 997,0900000997
guest998@example.com,Guest Number 998,0900000998
guest999@example.com,Guest Number 999,0900000999
guest1000@example.com,Guest Number 1000,0900001000
